model,threshold,n_ge,pct_ge,accuracy_on_ge,n_wrong_ge,frac_correct_below,frac_incorrect_above
baseline,0.5,225,0.439453125,0.9244444444444444,17,0.4222222222222222,0.1118421052631579
baseline,0.6,157,0.306640625,0.9617834394904459,6,0.5805555555555556,0.039473684210526314
baseline,0.7,128,0.25,0.96875,4,0.6555555555555556,0.02631578947368421
baseline,0.75,99,0.193359375,0.9696969696969697,3,0.7333333333333333,0.019736842105263157
baseline,0.8,83,0.162109375,0.963855421686747,3,0.7777777777777778,0.019736842105263157
baseline,0.85,66,0.12890625,0.9848484848484849,1,0.8194444444444444,0.006578947368421052
baseline,0.9,43,0.083984375,0.9767441860465116,1,0.8833333333333333,0.006578947368421052
transformer,0.5,412,0.8046875,0.8228155339805825,73,0.112565445026178,0.5615384615384615
transformer,0.6,368,0.71875,0.8668478260869565,49,0.1649214659685864,0.3769230769230769
transformer,0.7,298,0.58203125,0.9026845637583892,29,0.29581151832460734,0.2230769230769231
transformer,0.75,263,0.513671875,0.935361216730038,17,0.35602094240837695,0.13076923076923078
transformer,0.8,233,0.455078125,0.9527896995708155,11,0.418848167539267,0.08461538461538462
transformer,0.85,175,0.341796875,0.9771428571428571,4,0.5523560209424084,0.03076923076923077
transformer,0.9,111,0.216796875,0.972972972972973,3,0.7172774869109948,0.023076923076923078
