threshold_1,threshold_2,n,n_baseline,pct_baseline,n_transformer,pct_transformer,n_llm,pct_llm,n_resolved_local,pct_resolved_local,n_resolved_correct,accuracy_resolved_local,accuracy_baseline_resolved,accuracy_transformer_resolved
0.5,0.5,512,225,0.439453125,195,0.380859375,92,0.1796875,420,0.8203125,347,0.8261904761904761,0.9244444444444444,0.7128205128205128
0.5,0.6,512,225,0.439453125,165,0.322265625,122,0.23828125,390,0.76171875,333,0.8538461538461538,0.9244444444444444,0.7575757575757576
0.5,0.7,512,225,0.439453125,113,0.220703125,174,0.33984375,338,0.66015625,300,0.8875739644970414,0.9244444444444444,0.8141592920353983
0.5,0.75,512,225,0.439453125,91,0.177734375,196,0.3828125,316,0.6171875,287,0.9082278481012658,0.9244444444444444,0.8681318681318682
0.5,0.8,512,225,0.439453125,75,0.146484375,212,0.4140625,300,0.5859375,275,0.9166666666666666,0.9244444444444444,0.8933333333333333
0.5,0.85,512,225,0.439453125,47,0.091796875,240,0.46875,272,0.53125,253,0.9301470588235294,0.9244444444444444,0.9574468085106383
0.5,0.9,512,225,0.439453125,17,0.033203125,270,0.52734375,242,0.47265625,224,0.9256198347107438,0.9244444444444444,0.9411764705882353
0.6,0.5,512,157,0.306640625,257,0.501953125,98,0.19140625,414,0.80859375,344,0.8309178743961353,0.9617834394904459,0.7509727626459144
0.6,0.6,512,157,0.306640625,221,0.431640625,134,0.26171875,378,0.73828125,328,0.8677248677248677,0.9617834394904459,0.8009049773755657
0.6,0.7,512,157,0.306640625,162,0.31640625,193,0.376953125,319,0.623046875,288,0.9028213166144201,0.9617834394904459,0.845679012345679
0.6,0.75,512,157,0.306640625,132,0.2578125,223,0.435546875,289,0.564453125,269,0.9307958477508651,0.9617834394904459,0.8939393939393939
0.6,0.8,512,157,0.306640625,107,0.208984375,248,0.484375,264,0.515625,249,0.9431818181818182,0.9617834394904459,0.9158878504672897
0.6,0.85,512,157,0.306640625,68,0.1328125,287,0.560546875,225,0.439453125,217,0.9644444444444444,0.9617834394904459,0.9705882352941176
0.6,0.9,512,157,0.306640625,26,0.05078125,329,0.642578125,183,0.357421875,176,0.9617486338797814,0.9617834394904459,0.9615384615384616
0.7,0.5,512,128,0.25,285,0.556640625,99,0.193359375,413,0.806640625,342,0.8280871670702179,0.96875,0.7649122807017544
0.7,0.6,512,128,0.25,247,0.482421875,137,0.267578125,375,0.732421875,325,0.8666666666666667,0.96875,0.8137651821862348
0.7,0.7,512,128,0.25,186,0.36328125,198,0.38671875,314,0.61328125,284,0.9044585987261147,0.96875,0.8602150537634409
0.7,0.75,512,128,0.25,154,0.30078125,230,0.44921875,282,0.55078125,264,0.9361702127659575,0.96875,0.9090909090909091
0.7,0.8,512,128,0.25,128,0.25,256,0.5,256,0.5,243,0.94921875,0.96875,0.9296875
0.7,0.85,512,128,0.25,83,0.162109375,301,0.587890625,211,0.412109375,205,0.9715639810426541,0.96875,0.9759036144578314
0.7,0.9,512,128,0.25,34,0.06640625,350,0.68359375,162,0.31640625,157,0.9691358024691358,0.96875,0.9705882352941176
0.75,0.5,512,99,0.193359375,314,0.61328125,99,0.193359375,413,0.806640625,340,0.8232445520581114,0.9696969696969697,0.7770700636942676
0.75,0.6,512,99,0.193359375,274,0.53515625,139,0.271484375,373,0.728515625,323,0.8659517426273459,0.9696969696969697,0.8284671532846716
0.75,0.7,512,99,0.193359375,209,0.408203125,204,0.3984375,308,0.6015625,278,0.9025974025974026,0.9696969696969697,0.8708133971291866
0.75,0.75,512,99,0.193359375,177,0.345703125,236,0.4609375,276,0.5390625,258,0.9347826086956522,0.9696969696969697,0.9152542372881356
0.75,0.8,512,99,0.193359375,150,0.29296875,263,0.513671875,249,0.486328125,236,0.9477911646586346,0.9696969696969697,0.9333333333333333
0.75,0.85,512,99,0.193359375,101,0.197265625,312,0.609375,200,0.390625,194,0.97,0.9696969696969697,0.9702970297029703
0.75,0.9,512,99,0.193359375,45,0.087890625,368,0.71875,144,0.28125,139,0.9652777777777778,0.9696969696969697,0.9555555555555556
0.8,0.5,512,83,0.162109375,330,0.64453125,99,0.193359375,413,0.806640625,340,0.8232445520581114,0.963855421686747,0.7878787878787878
0.8,0.6,512,83,0.162109375,289,0.564453125,140,0.2734375,372,0.7265625,322,0.8655913978494624,0.963855421686747,0.8373702422145328
0.8,0.7,512,83,0.162109375,223,0.435546875,206,0.40234375,306,0.59765625,276,0.9019607843137255,0.963855421686747,0.8789237668161435
0.8,0.75,512,83,0.162109375,190,0.37109375,239,0.466796875,273,0.533203125,255,0.9340659340659341,0.963855421686747,0.9210526315789473
0.8,0.8,512,83,0.162109375,162,0.31640625,267,0.521484375,245,0.478515625,232,0.9469387755102041,0.963855421686747,0.9382716049382716
0.8,0.85,512,83,0.162109375,109,0.212890625,320,0.625,192,0.375,186,0.96875,0.963855421686747,0.9724770642201835
0.8,0.9,512,83,0.162109375,52,0.1015625,377,0.736328125,135,0.263671875,130,0.9629629629629629,0.963855421686747,0.9615384615384616
0.85,0.5,512,66,0.12890625,346,0.67578125,100,0.1953125,412,0.8046875,340,0.8252427184466019,0.9848484848484849,0.7947976878612717
0.85,0.6,512,66,0.12890625,304,0.59375,142,0.27734375,370,0.72265625,321,0.8675675675675676,0.9848484848484849,0.8421052631578947
0.85,0.7,512,66,0.12890625,235,0.458984375,211,0.412109375,301,0.587890625,272,0.9036544850498339,0.9848484848484849,0.8808510638297873
0.85,0.75,512,66,0.12890625,201,0.392578125,245,0.478515625,267,0.521484375,250,0.9363295880149812,0.9848484848484849,0.9203980099502488
0.85,0.8,512,66,0.12890625,172,0.3359375,274,0.53515625,238,0.46484375,227,0.9537815126050421,0.9848484848484849,0.9418604651162791
0.85,0.85,512,66,0.12890625,118,0.23046875,328,0.640625,184,0.359375,180,0.9782608695652174,0.9848484848484849,0.9745762711864406
0.85,0.9,512,66,0.12890625,60,0.1171875,386,0.75390625,126,0.24609375,123,0.9761904761904762,0.9848484848484849,0.9666666666666667
0.9,0.5,512,43,0.083984375,369,0.720703125,100,0.1953125,412,0.8046875,339,0.8228155339805825,0.9767441860465116,0.8048780487804879
0.9,0.6,512,43,0.083984375,325,0.634765625,144,0.28125,368,0.71875,319,0.8668478260869565,0.9767441860465116,0.8523076923076923
0.9,0.7,512,43,0.083984375,256,0.5,213,0.416015625,299,0.583984375,270,0.903010033444816,0.9767441860465116,0.890625
0.9,0.75,512,43,0.083984375,222,0.43359375,247,0.482421875,265,0.517578125,248,0.9358490566037736,0.9767441860465116,0.9279279279279279
0.9,0.8,512,43,0.083984375,193,0.376953125,276,0.5390625,236,0.4609375,225,0.9533898305084746,0.9767441860465116,0.9481865284974094
0.9,0.85,512,43,0.083984375,136,0.265625,333,0.650390625,179,0.349609375,175,0.9776536312849162,0.9767441860465116,0.9779411764705882
0.9,0.9,512,43,0.083984375,74,0.14453125,395,0.771484375,117,0.228515625,114,0.9743589743589743,0.9767441860465116,0.972972972972973
